{"fcos_PVTV2B2LI_FPNRETINANET_XQSA_DOTA.yaml": {"few_shot": {"10_shot": {"train": {"basketball-court": {"0": {"AP": 0.0013569864528809518, "AP50": 0.0018300908248881276, "AP75": 0.0015946146316347476, "APs": -1.0, "APm": 0.003364374440092051, "APl": 0.016108221803138065}}, "ground-track-field": {"0": {"AP": 0.46837474472094653, "AP50": 0.773076178437475, "AP75": 0.5156740696158789, "APs": 0.33811881188118814, "APm": 0.38128888535225913, "APl": 0.5807368665855316}}, "container-crane": {"0": {"AP": 0.0020891400710853244, "AP50": 0.013019075016745372, "AP75": 0.0009900990099009901, "APs": -1.0, "APm": 0.004684362245080449, "APl": 0.0}}, "ship": {"0": {"AP": 0.01583004700350374, "AP50": 0.036447844933803236, "AP75": 0.010400888004389697, "APs": 0.006086012977506098, "APm": 0.06839497190022437, "APl": 0.14432718393064456}}, "roundabout": {"0": {"AP": 0.412623307044369, "AP50": 0.7072483541833914, "AP75": 0.43491391857511796, "APs": 0.2638354010657257, "APm": 0.46713661407813395, "APl": 0.6162182921588863}}, "helicopter": {"0": {"AP": 0.3249643533531934, "AP50": 0.6516416511468591, "AP75": 0.27245398060753173, "APs": 0.11455445544554455, "APm": 0.317679988224679, "APl": 0.4297989001184718}}, "baseball-diamond": {"0": {"AP": 0.43176544422027935, "AP50": 0.7634028688022287, "AP75": 0.4833680491474455, "APs": 0.04343474347434743, "APm": 0.4277053232762817, "APl": 0.5205672756237123}}, "harbor": {"0": {"AP": 0.26020976830534437, "AP50": 0.6742581585465443, "AP75": 0.1382397636506501, "APs": 0.20689328646992225, "APm": 0.27982120669587207, "APl": 0.2819554077983318}}, "small-vehicle": {"0": {"AP": 0.08831917467317388, "AP50": 0.23656636280225973, "AP75": 0.04300987650849935, "APs": 0.07130646335672161, "APm": 0.37985771774526855, "APl": -1.0}}, "plane": {"0": {"AP": 0.4469829748898151, "AP50": 0.7157660157047551, "AP75": 0.5096933415700577, "APs": 0.009156058462989156, "APm": 0.5429805787364232, "APl": 0.5702205520224604}}, "bridge": {"0": {"AP": 0.23050614643231604, "AP50": 0.5503236293107336, "AP75": 0.1549226640579529, "APs": 0.24225176874163593, "APm": 0.21334058241458986, "APl": 0.3459553668355061}}, "large-vehicle": {"0": {"AP": 0.21428891183272653, "AP50": 0.4807743427167858, "AP75": 0.14191774255898965, "APs": 0.14514170463976914, "APm": 0.2874100970914003, "APl": 0.24542559393891547}}, "swimming-pool": {"0": {"AP": 0.22766227983613566, "AP50": 0.5090360100415866, "AP75": 0.1610858898845192, "APs": 0.07974971676178799, "APm": 0.43388131393332713, "APl": 0.7669141914191419}}}, "test": {"storage-tank": {"0": {"AP": 0.26275027690646857, "AP50": 0.5213621971296241, "AP75": 0.22641903295534874, "APs": 0.17462199177786536, "APm": 0.4773117028476696, "APl": 0.18379100982267138}}, "tennis-court": {"0": {"AP": 0.5285653886000132, "AP50": 0.7671307749831238, "AP75": 0.5874955827747499, "APs": 0.22503173394262502, "APm": 0.3799451823128744, "APl": 0.674437520460767}}, "soccer-ball-field": {"0": {"AP": 0.04522390243588997, "AP50": 0.16321895297510047, "AP75": 0.016634495300559445, "APs": 0.0, "APm": 0.014964637577939052, "APl": 0.1099220126732891}}}}}}, "fcos_PVTV2B2LI_FPNRETINANET_XQSABGA_DOTA.yaml": {"few_shot": {"10_shot": {"train": {"basketball-court": {"0": {"AP": 0.05173439330000278, "AP50": 0.10359624992653309, "AP75": 0.05074171059605585, "APs": -1.0, "APm": 0.050075640493017125, "APl": 0.07021186794706673}}, "ground-track-field": {"0": {"AP": 0.5098051259991127, "AP50": 0.8301293471002558, "AP75": 0.5980499703549261, "APs": 0.3700638854781637, "APm": 0.47448839723156416, "APl": 0.5810520373839024}}, "container-crane": {"0": {"AP": 0.014829771530852381, "AP50": 0.07183471094504017, "AP75": 0.0028288543140028285, "APs": -1.0, "APm": 0.02890303955401575, "APl": 0.0}}, "ship": {"0": {"AP": 0.1955591169385653, "AP50": 0.37500364967520416, "AP75": 0.17937611736263687, "APs": 0.0921075252022662, "APm": 0.3064519109971827, "APl": 0.2803424541998788}}, "roundabout": {"0": {"AP": 0.45058821053238207, "AP50": 0.7877752407046519, "AP75": 0.48210819708136227, "APs": 0.33562062689742533, "APm": 0.49466880451929435, "APl": 0.5758519272979931}}, "helicopter": {"0": {"AP": 0.3314523442698725, "AP50": 0.6858627660825332, "AP75": 0.2683260762136351, "APs": 0.07062340256582049, "APm": 0.3300136034963956, "APl": 0.45525242001295985}}, "baseball-diamond": {"0": {"AP": 0.43117823082344986, "AP50": 0.7835982689252105, "AP75": 0.3696611490542859, "APs": 0.2723338048090523, "APm": 0.3771007582761394, "APl": 0.5624203366637718}}, "harbor": {"0": {"AP": 0.2609183545378831, "AP50": 0.6276831523173421, "AP75": 0.15051110477237092, "APs": 0.25660320614834997, "APm": 0.26798318280740385, "APl": 0.2804672457469728}}, "small-vehicle": {"0": {"AP": 0.08490113013078396, "AP50": 0.23406601439243638, "AP75": 0.042071462342994415, "APs": 0.0703434253946334, "APm": 0.3689377671054963, "APl": -1.0}}, "plane": {"0": {"AP": 0.4560729897887029, "AP50": 0.7138284420526322, "AP75": 0.5381998423320657, "APs": 0.015745574557455743, "APm": 0.5481005874909031, "APl": 0.5703032834432087}}, "bridge": {"0": {"AP": 0.20916724540606402, "AP50": 0.5053940883839112, "AP75": 0.10893367233918178, "APs": 0.21437524453204265, "APm": 0.19680860093741007, "APl": 0.3662626595524931}}, "large-vehicle": {"0": {"AP": 0.264580983311149, "AP50": 0.5584960016699521, "AP75": 0.18884465868395242, "APs": 0.20759051706796744, "APm": 0.331324830861126, "APl": 0.28531944726252734}}, "swimming-pool": {"0": {"AP": 0.24006252089210922, "AP50": 0.5286026612039585, "AP75": 0.16608139608335007, "APs": 0.10958447881224756, "APm": 0.4112579911965249, "APl": 0.6860891089108911}}}, "test": {"storage-tank": {"0": {"AP": 0.28456232766931666, "AP50": 0.5475932378137451, "AP75": 0.2546785631201152, "APs": 0.1849510191160364, "APm": 0.5051294194829161, "APl": 0.41212823356413814}}, "tennis-court": {"0": {"AP": 0.5304875154449189, "AP50": 0.8071144953290226, "AP75": 0.618999369317012, "APs": 0.2798072146399845, "APm": 0.4054323235277312, "APl": 0.657472513845451}}, "soccer-ball-field": {"0": {"AP": 0.06403006212676507, "AP50": 0.27575250407326196, "AP75": 0.018871735129715392, "APs": 0.0008609556607834697, "APm": 0.04744751201252486, "APl": 0.12694850549832562}}}}}}, "fcos_R50_FPNRETINANET_XQSA_DOTA.yaml": {"few_shot": {"10_shot": {"train": {"basketball-court": {"0": {"AP": 0.41524728979128994, "AP50": 0.6701946390124233, "AP75": 0.45663142067042417, "APs": 0.0194570707070707, "APm": 0.3289923625447884, "APl": 0.5276382203041821}}, "ground-track-field": {"0": {"AP": 0.42286118196025363, "AP50": 0.7199151192390534, "AP75": 0.4148261756900426, "APs": 0.21129327957426283, "APm": 0.40081901534586434, "APl": 0.4969482538007386}}, "container-crane": {"0": {"AP": 0.009575522769668271, "AP50": 0.0141014101410141, "AP75": 0.0132013201320132, "APs": -1.0, "APm": 0.015656208477990655, "APl": 0.0}}, "ship": {"0": {"AP": 0.07552371468499534, "AP50": 0.1484789247981676, "AP75": 0.0645083075567988, "APs": 0.027017373629501257, "APm": 0.22970232908482083, "APl": 0.4496466654387447}}, "roundabout": {"0": {"AP": 0.40955102805866456, "AP50": 0.7320961530640283, "AP75": 0.4361541745029781, "APs": 0.3326400583761784, "APm": 0.4437566264404138, "APl": 0.49056807490703824}}, "helicopter": {"0": {"AP": 0.2575355162826931, "AP50": 0.5925860848395339, "AP75": 0.20993428681470588, "APs": 0.10613861386138612, "APm": 0.26164767572200903, "APl": 0.3590339590695698}}, "baseball-diamond": {"0": {"AP": 0.39014814335457404, "AP50": 0.7785343895722223, "AP75": 0.3607506543610496, "APs": 0.06831683168316831, "APm": 0.3478370189432596, "APl": 0.5198633077059789}}, "harbor": {"0": {"AP": 0.29377849334809625, "AP50": 0.682923760775542, "AP75": 0.1779742636531662, "APs": 0.21231763163810335, "APm": 0.3157245599376618, "APl": 0.32146425476474866}}, "small-vehicle": {"0": {"AP": 0.07899636744093734, "AP50": 0.2202577404175817, "AP75": 0.0392027404225253, "APs": 0.06431103233986257, "APm": 0.36951514955463993, "APl": -1.0}}, "plane": {"0": {"AP": 0.4663526961130901,