{"fcos_PVTV2B2LI_FPNRETINANET_XQSABGA_DOTA.yaml": {"few_shot": {"10_shot": {"train": {"basketball-court": {"0": {"AP": 0.03164539078234646, "AP50": 0.052688120294525784, "AP75": 0.03115074094087937, "APs": 0.0, "APm": 0.004360428572565796, "APl": 0.11746240009035132}, "1": {"AP": 0.0022696821588307947, "AP50": 0.0037738014029814236, "AP75": 0.0017680339462517677, "APs": 0.0, "APm": 0.0001369508829501245, "APl": 0.026872894357748645}}, "ground-track-field": {"0": {"AP": 0.004494484289229474, "AP50": 0.017743381860736554, "AP75": 7.963262814217079e-05, "APs": 0.0, "APm": 0.014347593010134984, "APl": 0.000805810508058105}, "1": {"AP": 0.000959934406550179, "AP50": 0.0035577322602402483, "AP75": 6.29033678463145e-05, "APs": 0.001829530779164873, "APm": 0.0022178099308887466, "APl": 0.0007516886142395752}}, "container-crane": {"0": {"AP": 0.0010455219318138771, "AP50": 0.008444080704277386, "AP75": 0.0, "APs": -1.0, "APm": 0.0021243288046137324, "APl": 0.00023874727898321745}, "1": {"AP": 0.0012909601614467358, "AP50": 0.012045625412279208, "AP75": 0.0, "APs": -1.0, "APm": 0.0028529004522017992, "APl": 0.0001771756122980719}}, "ship": {"0": {"AP": 0.006493759423615088, "AP50": 0.015034735647203682, "AP75": 0.005864731260107241, "APs": 0.002435536172154316, "APm": 0.012230563506866965, "APl": 0.056214164191703664}, "1": {"AP": 0.01903706522708387, "AP50": 0.041241404391271726, "AP75": 0.015495374153439698, "APs": 0.00606404141096247, "APm": 0.026475084471157827, "APl": 0.0825061480751659}}, "roundabout": {"0": {"AP": 0.00010172306846326017, "AP50": 0.00020137606981037085, "AP75": 3.952491057488982e-05, "APs": 0.0, "APm": 3.1515087848307376e-05, "APl": 0.0010070690277231347}, "1": {"AP": 7.920792079207921e-05, "AP50": 9.900990099009902e-05, "AP75": 9.900990099009902e-05, "APs": 0.0, "APm": 0.0, "APl": 0.0008693552282057475}}, "helicopter": {"0": {"AP": 0.002377976777226429, "AP50": 0.0049044069728050935, "AP75": 0.0012122449358337895, "APs": 0.0008486562942008485, "APm": 0.000519161429309277, "APl": 0.009405846925438057}, "1": {"AP": 0.00277182776818615, "AP50": 0.0057154916202099785, "AP75": 0.002510071713794432, "APs": 0.0012196871861099154, "APm": 0.0004656826050586448, "APl": 0.011649177989565131}}, "baseball-diamond": {"0": {"AP": 1.2382686939876895e-05, "AP50": 1.547835867484612e-05, "AP75": 1.547835867484612e-05, "APs": 0.0, "APm": 0.0, "APl": 9.000900090009e-05}, "1": {"AP": 5.76057605760576e-06, "AP50": 7.2007200720072e-06, "AP75": 7.2007200720072e-06, "APs": 0.0, "APm": 0.0, "APl": 4.899459018066755e-05}}, "harbor": {"0": {"AP": 0.009785808248036681, "AP50": 0.02601284733233764, "AP75": 0.00471341139192734, "APs": 0.0008852695325511576, "APm": 0.01189496506426871, "APl": 0.020266484148909344}, "1": {"AP": 0.01419488115659363, "AP50": 0.041366268856292396, "AP75": 0.007406080217047941, "APs": 0.0037391980506844146, "APm": 0.0103287146665556, "APl": 0.03382748977794638}}, "small-vehicle": {"0": {"AP": 2.2151127056025442e-05, "AP50": 7.735148514851485e-05, "AP75": 0.0, "APs": 0.0002591370248135925, "APm": 0.0, "APl": -1.0}, "1": {"AP": 4.258490365165549e-05, "AP50": 0.00010646225912913873, "AP75": 0.0, "APs": 0.0006600660066006601, "APm": 0.0, "APl": -1.0}}, "plane": {"0": {"AP": 0.000397897816025928, "AP50": 0.0009109271651199253, "AP75": 0.0002479121151551775, "APs": 0.002083391437735323, "APm": 7.724594262475532e-05, "APl": 0.0015508775112760122}, "1": {"AP": 0.0006027001654499604, "AP50": 0.0011232889901631978, "AP75": 0.0005125643327992572, "APs": 0.0, "APm": 2.4296908218429207e-05, "APl": 0.0037574213733239385}}, "bridge": {"0": {"AP": 0.00454953727538713, "AP50": 0.012844055841414048, "AP75": 0.002199636593059622, "APs": 0.007622387238723873, "APm": 0.007693064686299748, "APl": 0.0038812565237848783}, "1": {"AP": 0.015591284146257838, "AP50": 0.023595889332023508, "AP75": 0.021779194048437096, "APs": 0.0011001100110010998, "APm": 0.031714525447368934, "APl": 0.003003014042248725}}, "large-vehicle": {"0": {"AP": 0.00883286840578231, "AP50": 0.02093216823001599, "AP75": 0.006791622155078464, "APs": 0.00026193601501172336, "APm": 0.010657490865040017, "APl": 0.038865956310046794}, "1": {"AP": 0.010271629762356304, "AP50": 0.02602138971926779, "AP75": 0.007663668465312795, "APs": 8.985024086675357e-05, "APm": 0.01935928893237306, "APl": 0.024810494246280883}}, "swimming-pool": {"0": {"AP": 0.05602347365341313, "AP50": 0.13239425157010073, "AP75": 0.04296769969588328, "APs": 0.022859211403471455, "APm": 0.11633144690827571, "APl": 0.005564356435643563}, "1": {"AP": 0.018958556418016994, "AP50": 0.044498620024363805, "AP75": 0.010091008048911627, "APs": 0.007915183075506246, "APm": 0.04095382438127539, "APl": 0.00703125}}}, "test": {"storage-tank": {"0": {"AP": 0.018224681931028143, "AP50": 0.03373506267683224, "AP75": 0.017414586930918317, "APs": 0.02908030664063824, "APm": 0.037773779190023324, "APl": 0.00102010201020102}, "1": {"AP": 0.023788870536612397, "AP50": 0.04337669578906629, "AP75": 0.025313579988519103, "APs": 0.011266256060821853, "APm": 0.07709998156878692, "APl": 0.03582598020969723}}, "tennis-court": {"0": {"AP": 0.007898915942244346, "AP50": 0.014443028461261966, "AP75": 0.007793970131180875, "APs": 0.0, "APm": 0.003511756965976253, "APl": 0.03351857369159692}, "1": {"AP": 0.009297886735543484, "AP50": 0.014305280526930364, "AP75": 0.010988090979668005, "APs": 0.00032589465843136034, "APm": 0.0031942639066962304, "APl": 0.04914744084199648}}, "soccer-ball-field": {"0": {"AP": 0.004288475913890416, "AP50": 0.01118451983069248, "AP75": 0.0007304009089433534, "APs": 0.0009631708145193707, "APm": 0.00602217845123112, "APl": 0.01815662638133802}, "1": {"AP": 0.0024472690289212714, "AP50": 0.007563584209699266, "AP75": 0.0004226363872377058, "APs": 0.00024093664119263636, "APm": 0.0013581936266548209, "APl": 0.015753822968283534}}}}}}, "fcos_PVTV2B2LI_FPNRETINANET_XQSABGA_DIOR.yaml": {"few_shot": {"10_shot": {"train": {"Basketball court ": {"0": {"AP": 0.0001059990513257825, "AP50": 0.000187400443514383, "AP75": 0.00013703792524581178, "APs": 0.0, "APm": 0.00039984767707539987, "APl": 7.250424922444225e-05}, "1": {"AP": 2.0088965418280957e-05, "AP50": 2.8698522026115655e-05, "AP75": 2.8698522026115655e-05, "APs": 0.0, "APm": 0.0001506672406371072, "APl": 0.0}}, "Chimney ": {"0": {"AP": 0.00014653779189849713, "AP50": 0.0009122499804927983, "AP75": 0.00011062558769843466, "APs": 0.0, "APm": 0.0, "APl": 0.0004742774702817253}, "1": {"AP": 0.00017277071817524447, "AP50": 0.000537999726592944, "AP75": 6.960274234804851e-05, "APs": 0.0, "APm": 0.0004243281471004243, "APl": 0.0005368718690050824}}, "Dam ": {"0": {"AP": 0.0042276425946860385, "AP50": 0.011245813330619183, "AP75": 0.0010154861640010154, "APs": 0.0, "APm": 0.0005940594059405942, "APl": 0.010089434978210772}, "1": {"AP": 0.0006305020309046579, "AP50": 0.0014791840629846118, "AP75": 0.00026402640264026406, "APs": 0.0, "APm": 0.0002828854314002829, "APl": 0.0017486295543807308}}, "Expressway service area ": {"0": {"AP": 0.0, "AP50": 0.0, "AP75": 0.0, "APs": 0.0, "APm": 0.0, "APl": 0.0}, "1": {"AP": 0.0, "AP50": 0.0, "AP75": 0.0, "APs": 0.0, "APm": 0.0, "APl": 0.0}}, "Ship ": {"0": {"AP": 0.0012170113965440006, "AP50": 0.0015206763707186536, "AP75": 0.0013231503837059873, "APs": 0.0, "APm": 8.250825082508251e-05, "APl": 0.016560402170247984}, "1": {"AP": 0.0007001113189527675, "AP50": 0.0016226663511105831, "AP75": 0.0006141591602769299, "APs": 0.0, "APm": 0.0, "APl": 0.01340813580095265}}, "Bridge ": {"0": {"AP": 0.0020164206747700104, "AP50": 0.003101690103239323, "AP75": 0.0026038888388908938, "APs": 0.0, "APm": 0.00016400722641071448, "APl": 0.00783994207569}, "1": {"AP": 0.0006738998462672955, "AP50": 0.0010724260422910303, "AP75": 0.0010724260422910303, "APs": 0.00020384391380314502, "APm": 0.00015371980535284704, "APl": 0.0045605866332788705}}, "Harbor ": {"0": {"AP": 0.0, "AP50": 0.0, "AP75": 0.0, "APs": 0.0, "APm": 0.0, "APl": 0.0}, "1": {"AP": 0.0, "AP50": 0.0,