{"fcos_PVT_V2_B2_LI_FPN_RETINANET_DOTA.yaml": {"few_shot": {"1_shot": {"train": {"overall": {"AP": 0.23188080445577552, "AP50": 0.42217647024369953, "AP75": 0.2302174036273389, "APs": 0.29920536498061295, "APm": 0.23801598296124424, "APl": 0.3210372678343144}, "basketball-court": {"AP": 0.28387327035441107, "AP50": 0.4570471406056934, "AP75": 0.3058989576819651, "APs": 0.0, "APm": 0.2292378376463554, "APl": 0.36623420059920414}, "ground-track-field": {"AP": 0.4614215585419097, "AP50": 0.7724368352217243, "AP75": 0.5222589966210576, "APs": 0.45006513809275667, "APm": 0.36189319433991823, "APl": 0.5701363108974282}, "container-crane": {"AP": 0.0008615097903924814, "AP50": 0.002320908444209178, "AP75": 0.00024925047620646745, "APs": NaN, "APm": 0.002197643259494626, "APl": 0.0}, "ship": {"AP": 0.06760207251954552, "AP50": 0.15041747379334364, "AP75": 0.04516008077027252, "APs": 0.04086820522473319, "APm": 0.10489229578384418, "APl": 0.10786481698928213}, "roundabout": {"AP": 0.42154824946705427, "AP50": 0.7768140574115451, "AP75": 0.3847367631937664, "APs": 0.27512872204785355, "APm": 0.48797831170038125, "APl": 0.5814739310469508}, "helicopter": {"AP": 0.14007495182544796, "AP50": 0.35191013598652554, "AP75": 0.06130596212696479, "APs": 0.010314163530548204, "APm": 0.14057129178996522, "APl": 0.25742572195421226}, "baseball-diamond": {"AP": 0.3477910184639925, "AP50": 0.7631216863347892, "AP75": 0.2899651474569569, "APs": 0.09712126981928962, "APm": 0.3101628412680779, "APl": 0.4747575576754943}, "harbor": {"AP": 0.18102623711580879, "AP50": 0.45349974628761636, "AP75": 0.09114981262172753, "APs": 0.0914261158135726, "APm": 0.18934184447292365, "APl": 0.24200274509850256}, "small-vehicle": {"AP": 0.1181296526152231, "AP50": 0.30674293206705083, "AP75": 0.057761878678575726, "APs": 0.11002492774257039, "APm": 0.26710174861871416, "APl": NaN}, "plane": {"AP": 0.43817772047726367, "AP50": 0.7377483770471358, "AP75": 0.47075454979784015, "APs": 0.042744308703589626, "APm": 0.45326264214324286, "APl": 0.5104782660059899}, "bridge": {"AP": 0.16952417988521046, "AP50": 0.4417639696706786, "AP75": 0.08222138566330339, "APs": 0.1584788810761801, "APm": 0.20008253549971572, "APl": 0.16053541176110747}, "large-vehicle": {"AP": 0.13284916189046053, "AP50": 0.28363274250372406, "AP75": 0.10344539692560657, "APs": 0.021500883513299367, "APm": 0.22418559207455135, "APl": 0.21987911518803344}, "swimming-pool": {"AP": 0.22521147029658878, "AP50": 0.5096614216848826, "AP75": 0.13552081472263378, "APs": 0.0854719942134256, "APm": 0.4066785915880061, "APl": 0.45832847990681413}}, "test": {"overall": {"AP": 0.08653326682288145, "AP50": 0.17050578125707072, "AP75": 0.08345988111254893, "APs": 0.06436167150106861, "APm": 0.10191601176728643, "APl": 0.11975179410020495}, "storage-tank": {"AP": 0.05750462303003354, "AP50": 0.11202468613650325, "AP75": 0.05449065333642575, "APs": 0.04641437495945776, "APm": 0.13767901464154852, "APl": 0.05778648052434951}, "tennis-court": {"AP": 0.16055264849000753, "AP50": 0.23696446647645714, "AP75": 0.18087849358224975, "APs": 0.14504404831319645, "APm": 0.1430387997650404, "APl": 0.19556235783291004}, "soccer-ball-field": {"AP": 0.041542528948603295, "AP50": 0.16252819115825173, "AP75": 0.015010496418971274, "APs": 0.0016265912305516265, "APm": 0.02503022089527037, "APl": 0.1059065439433553}}}, "10_shot": {"train": {"overall": {"AP": 0.22942493801890648, "AP50": 0.4217879506417914, "AP75": 0.2256436564284472, "APs": 0.1855704981354152, "APm": 0.23081527080151498, "APl": 0.3091329720546915}, "basketball-court": {"AP": 0.23719641376159956, "AP50": 0.40174462618133855, "AP75": 0.2544457749495319, "APs": 0.08928571428571429, "APm": 0.17107340548826466, "APl": 0.32368053349006326}, "ground-track-field": {"AP": 0.49873356820203235, "AP50": 0.8426382051097588, "AP75": 0.5417240719348011, "APs": 0.3570544554455446, "APm": 0.43119462645375767, "APl": 0.5886712478454661}, "container-crane": {"AP": 0.005708212521657025, "AP50": 0.019030901065815085, "AP75": 0.0, "APs": NaN, "APm": 0.014744088045168153, "APl": 0.0}, "ship": {"AP": 0.1842572048514595, "AP50": 0.4135681990504854, "AP75": 0.12529025918183698, "APs": 0.13097772917551645, "APm": 0.26906097073970064, "APl": 0.12535713606868254}, "roundabout": {"AP": 0.4494573913881642, "AP50": 0.803812683886964, "AP75": 0.47246391195404663, "APs": 0.2951257873058011, "APm": 0.5338902236863179, "APl": 0.5121558309862906}, "helicopter": {"AP": 0.27622723751016254, "AP50": 0.6043663876388172, "AP75": 0.20094494939836555, "APs": 0.029027727826997928, "APm": 0.2844343203989711, "APl": 0.37823313846748824}, "baseball-diamond": {"AP": 0.3857165525121373, "AP50": 0.7513950074606359, "AP75": 0.34904824591515976, "APs": 0.03470007715057219, "APm": 0.3969659739447088, "APl": 0.43920824803829694}, "harbor": {"AP": 0.269490707405766, "AP50": 0.6539492993181699, "AP75": 0.1445971413478933, "APs": 0.16165617010013683, "APm": 0.26957960686171567, "APl": 0.31319934185772413}, "small-vehicle": {"AP": 0.13134630631933816, "AP50": 0.3697134028386655, "AP75": 0.05090876011146664, "APs": 0.12083362602238351, "APm": 0.2732423523487662, "APl": NaN}, "plane": {"AP": 0.4591640599723662, "AP50": 0.7704106797907253, "AP75": 0.5190439128659566, "APs": 0.03445063734794473, "APm": 0.4764889450021441, "APl": 0.5419353373256515}, "bridge": {"AP": 0.16543717011743786, "AP50": 0.4373081116758941, "AP75": 0.08404632354061609, "APs": 0.14420972564692291, "APm": 0.20451620921196267, "APl": 0.2088093619852643}, "large-vehicle": {"AP": 0.2499880442286806, "AP50": 0.5429023246485329, "AP75": 0.17441980313083866, "APs": 0.0746957934105987, "APm": 0.30315251342250465, "APl": 0.29126453974750477}, "swimming-pool": {"AP": 0.15500229503303903, "AP50": 0.376296778069059, "AP75": 0.09850252436808726, "APs": 0.06603980346586921, "APm": 0.2736072966520098, "APl": 0.5093361259202842}}, "test": {"overall": {"AP": 0.22866288221883407, "AP50": 0.365910572138186, "AP75": 0.2563291126079546, "APs": 0.1764129147810379, "APm": 0.23002517973187714, "APl": 0.27353446753455923}, "storage-tank": {"AP": 0.06425393094824094, "AP50": 0.12824507508786565, "AP75": 0.054329386749077085, "APs": 0.05887811396820954, "APm": 0.12451662226927478, "APl": 0.09057617433888532}, "tennis-court": {"AP": 0.5805151592074915, "AP50": 0.8415153940583227, "AP75": 0.6941010561100094, "APs": 0.4691230066125279, "APm": 0.5499071494026736, "APl": 0.6173249000814309}, "soccer-ball-field": {"AP": 0.04121955650076975, "AP50": 0.1279712472683698, "AP75": 0.02055689496477723, "APs": 0.0012376237623762376, "APm": 0.015651767523683042, "APl": 0.1127023281833617}}}}}}